name,slug
The Adjudicator’s Office,the-adjudicator-s-office
Administration of Radioactive Substances Advisory Committee,administration-of-radioactive-substances-advisory-committee
Administrative Justice and Tribunals Council,administrative-justice-and-tribunals-council
Advisory Committee on Business Appointments,advisory-committee-on-business-appointments
Advisory Committee on Clinical Excellence Awards,advisory-committee-on-clinical-excellence-awards
Advisory Committee on Conscientious Objectors,advisory-committee-on-conscientious-objectors
Advisory Committee on Pesticides,advisory-committee-on-pesticides
Advisory Committee on Releases to the Environment,advisory-committee-on-releases-to-the-environment
Advisory Committees on Justices of the Peace,advisory-committees-on-justices-of-the-peace
Advisory Council on Libraries,advisory-council-on-libraries
The Advisory Council on National Records and Archives,the-advisory-council-on-national-records-and-archives
Advisory Council on the Misuse of Drugs,advisory-council-on-the-misuse-of-drugs
Advisory Group on Military Medicine,advisory-group-on-military-medicine
Advisory Panel on Public Sector Information,advisory-panel-on-public-sector-information
"Advisory, Conciliation and Arbitration Service",acas
Agricultural Dwelling House Advisory Committees (x16),agricultural-dwelling-house-advisory-committees-x16
Agricultural Land and Drainage Tribunal,agricultural-land-tribunal
Agricultural Wages Committee,agricultural-wages-committee-x13
Agriculture and Horticulture Development Board,agriculture-and-horticulture-development-board
Air Accidents Investigation Branch,air-accidents-investigation-branch
Airports Commission,airports-commission
Animal Health and Veterinary Laboratories Agency,animal-health-and-veterinary-laboratories-agency
Animals in Science Committee,animals-in-science-committee
Architects Registration Board,architects-registration-board
Armed Forces' Pay Review Body,armed-forces-pay-review-body
Arts Council England,arts-council-england
Arts and Humanities Research Council,arts-and-humanities-research-council
Attorney General's Office,attorney-generals-office
Audit Commission,audit-commission
BBC,bbc
BBC World Service,bbc-world-service
BRB (Residuary) Ltd,brb-residuary-ltd
Behavioural Insights Team,behavioural-insights-team
Big Lottery Fund,big-lottery-fund
Biometrics Commissioner,biometrics-commissioner
Biotechnology and Biological Sciences Research Council,biotechnology-biological-sciences-research-council
Board of Trustees of the Royal Botanic Gardens Kew,board-of-trustees-of-the-royal-botanic-gardens-kew
Border Force,border-force
Boundary Commission for England,boundary-commission-for-england
Boundary Commission for Northern Ireland,boundary-commission-for-northern-ireland
Boundary Commission for Scotland,boundary-commission-for-scotland
Boundary Commission for Wales,boundary-commission-for-wales
British Council,british-council
British Film Institute,british-film-institute
British Hallmarking Council,british-hallmarking-council
British Library,british-library
British Museum,british-museum
British Pharmacopoeia Commission,british-pharmacopoeia
British Transport Police Authority,british-transport-police-authority
Broadmoor Hospital investigation,investigation-into-the-role-of-jimmy-savile-at-broadmoor-hospital
Broads Authority,broads-authority
Building Regulations Advisory Committee,building-regulations-advisory-committee
Cabinet Office,cabinet-office
Cafcass,children-and-family-court-advisory-and-support-service
Capital for Enterprise Limited,capital-for-enterprise-ltd
Care Quality Commission,care-quality-commission
Central Advisory Committee on Pensions and Compensation,central-advisory-committee-on-pensions-and-compensation
Central Arbitration Committee,central-arbitration-committee
"Centre for Environment, Fisheries and Aquaculture Science",centre-for-environment-fisheries-and-aquaculture-science
Certification Office,certification-office
Channel 4,channel-4
The Charity Commission for England and Wales,the-charity-commission-for-england-and-wales
Chevening Foundation,chevening-foundation
Chief Fire and Rescue Adviser,chief-fire-and-rescue-adviser-unit
Civil Aviation Authority,civil-aviation-authority
Civil Justice Council,civil-justice-council
Civil Nuclear Police Authority,civil-nuclear-police-authority
Civil Procedure Rule Committee,civil-procedure-rules-committee
Civil Service Commission,civil-service-commission
The Coal Authority,the-coal-authority
Commission on Human Medicines,commission-on-human-medicines
Commissioner for Public Appointments,commissioner-for-public-appointments
Committee on Climate Change,committee-on-climate-change
"Committee on Mutagenicity of Chemicals in Food, Consumer Products and the Environment",committee-on-mutagenicity-of-chemicals-in-food-consumer-products-and-the-environment
Committee on Radioactive Waste Management,committee-on-radioactive-waste-management
Committee on Standards in Public Life,the-committee-on-standards-in-public-life
Commonwealth Scholarship Commission in the UK,commonwealth-scholarship-commission-in-the-uk
Companies House ,companies-house
Competition Appeal Tribunal,competition-appeal-tribunal
Competition Commission,competition-commission
Competition Service,competition-service
Competition and Markets Authority ,competition-and-markets-authority
Construction Industry Training Board,construction-industry-training-board
Consumer Council for Water,consumer-council-for-water
Consumer Focus,consumer-focus
Copyright Tribunal,copyright-tribunal
Council for Science and Technology,council-for-science-and-technology
Covent Garden Market Authority,covent-garden-market-authority
Criminal Cases Review Commission,criminal-cases-review-commission
Criminal Injuries Compensation Authority,criminal-injuries-compensation-authority
Criminal Procedure Rule Committee,criminal-procedure-rule-committee
The Crown Estate,the-crown-estate
Crown Prosecution Service,crown-prosecution-service
Dartmoor National Park Authority,dartmoor-national-park-authority
Defence Academy of the United Kingdom,defence-academy
Defence Equipment and Support,defence-equipment-and-support
Defence Infrastructure Organisation,defence-infrastructure-organisation
Defence Nuclear Safety Committee,defence-nuclear-safety-committee
Defence Science and Technology Laboratory,defence-science-and-technology-laboratory
Defence Scientific Advisory Council,defence-scientific-advisory-council
Defence Sixth Form College,defence-sixth-form-college
Defence Support Group,defence-support-group
"Defence, Press and Broadcasting Advisory Committee",defence-press-and-broadcasting-advisory-committee
"Department for Business, Innovation & Skills",department-for-business-innovation-skills
Department for Communities and Local Government,department-for-communities-and-local-government
"Department for Culture, Media & Sport",department-for-culture-media-sport
Department for Education,department-for-education
"Department for Environment, Food & Rural Affairs",department-for-environment-food-rural-affairs
Department for International Development,department-for-international-development
Department for Transport,department-for-transport
Department for Work & Pensions,department-for-work-pensions
Department of Energy & Climate Change,department-of-energy-climate-change
Department of Health,department-of-health
Deputy Prime Minister's Office,deputy-prime-ministers-office
Directly Operated Railways Limited,directly-operated-railways-limited
Disabled Persons Transport Advisory Committee,disabled-persons-transport-advisory-committee
Disclosure and Barring Service,disclosure-and-barring-service
Drinking Water Inspectorate,drinking-water-inspectorate
Driver and Vehicle Licensing Agency,driver-and-vehicle-licensing-agency
Driving Standards Agency,driving-standards-agency
Economic and Social Research Council,economic-and-social-research-council
Education Funding Agency,education-funding-agency
Efficiency and Reform Group,efficiency-and-reform-group
Engineering Construction Industry Training Board,engineering-construction-industry-training-board
Engineering and Physical Sciences Research Council,engineering-and-physical-sciences-research-council
English Heritage,english-heritage
Environment Agency,environment-agency
Equality 2025,equality-2025
Equality and Human Rights Commission,equality-and-human-rights-commission
Exmoor National Park Authority,exmoor-national-park-authority
Export Control Organisation,export-control-organisation
Export Guarantees Advisory Council,export-guarantees-advisory-council
FCO Services,fco-services
Family Justice Council,family-justice-council
Family Procedure Rule Committee,family-procedure-rule-committee
Fire Service College,fire-service-college
Fleet Air Arm Museum ,fleet-air-arm-museum
Food Standards Agency,food-standards-agency
The Food and Environment Research Agency,the-food-and-environment-research-agency
Foreign & Commonwealth Office,foreign-commonwealth-office
Foreign Compensation Commission,foreign-compensation-commission
Forensic Science Regulator,forensic-science-regulator
Forest Enterprise (England) ,forest-enterprise-england
Forest Research,forest-research
Forestry Commission,forestry-commission
Fuel Poverty Advisory Group,the-fuel-poverty-advisory-group
Gambling Commission,gambling-commission
Gangmasters Licensing Authority,gangmasters-licensing-authority
Geffrye Museum,geffrye-museum
Government Actuary's Department,government-actuary-s-department
Government Communications Headquarters,government-communications-headquarters
Government Equalities Office  ,government-equalities-office
Government Estates Management,government-estates-management
Government Office for Science,government-office-for-science
Government Procurement Service,government-procurement-service
Great Britain-China Centre,great-britain-china-centre
Groceries Code Adjudicator,groceries-code-adjudicator
HM Courts and Tribunals Service,hm-courts-and-tribunals-service
HM Crown Prosecution Service Inspectorate,hm-crown-prosecution-service-inspectorate
HM Inspectorate of Constabulary,hm-inspectorate-of-constabulary
HM Inspectorate of Prisons,hm-inspectorate-of-prisons
HM Inspectorate of Probation,hm-inspectorate-of-probation
HM Passport Office,hm-passport-office
HM Prison Service,hm-prison-service
HM Revenue & Customs,hm-revenue-customs
HM Treasury,hm-treasury
Health Education England,health-education-england
Health Research Authority,health-research-authority
Health and Safety Executive,health-and-safety-executive
Health and Social Care Information Centre,health-and-social-care-information-centre
Healthcare UK,healthcare-uk
Heritage Lottery Fund,heritage-lottery-fund
High Speed Two (HS2) Limited,high-speed-two-limited
Higher Education Funding Council for England,higher-education-funding-council-for-england
Highways Agency,highways-agency
Historic Royal Palaces,historic-royal-palaces
Home Office,home-office
Homes and Communities Agency,homes-and-communities-agency
Horniman Public Museum and Public Park Trust,horniman-museum
Horserace Betting Levy Board,horserace-betting-levy-board
House of Lords Appointments Commission,house-of-lords-appointments-commission
Housing Ombudsman,housing-ombudsman
Human Fertilisation and Embryology Authority,human-fertilisation-and-embryology-authority
Human Tissue Authority,human-tissue-authority
Imperial War Museum,imperial-war-museum
Independent Advisory Panel on Deaths in Custody,independent-advisory-panel-on-deaths-in-custody
Independent Agricultural Appeals Panel,independent-agricultural-appeals-panel
Independent Chief Inspector of Borders and Immigration ,chief-inspector-of-the-uk-border-agency
Independent Commission for Aid Impact,independent-commission-for-aid-impact
Independent Living Fund,independent-living-fund
"Independent Monitoring Boards of Prisons, Immigration, Removal Centres and Short Term Holding Rooms",independent-monitoring-boards-of-prisons-immigration-removal-centres-and-short-term-holding-rooms
Independent Police Complaints Commission,independent-police-complaint-commission
Independent Reconfiguration Panel,independent-reconfiguration-panel
Independent Reviewer of Terrorism Legislation,independent-reviewer-of-terrorism-legislation
Industrial Development Advisory Board,industrial-development-advisory-board
Industrial Injuries Advisory Council,industrial-injuries-advisory-council
Information Commissioner's Office,information-commissioner-s-office
Infrastructure UK,infrastructure-uk
Insolvency Practitioners Tribunal,insolvency-practitioners-tribunal
Insolvency Rules Committee,insolvency-rules-committee
The Insolvency Service,insolvency-service
Intellectual Property Office,intellectual-property-office
Intelligence Services Commissioner,intelligence-services-commissioner
Interception of Communications Commissioner,interception-of-communications-commissioner
Investigatory Powers Tribunal,investigatory-powers-tribunal
Joint Forces Command,joint-forces-command
Joint Nature Conservation Committee,joint-nature-conservation-committee
Judicial Appointments Commission,judicial-appointments-commission
Judicial Appointments and Conduct Ombudsman,judicial-appointments-and-conduct-ombudsman
Lake District National Park Authority,lake-district-national-park-authority
Land Registration Rule Committee,land-registration-rule-committee
Land Registry,hm-land-registry
Law Commission,law-commission
Leasehold Advisory Service,leasehold-advisory-service
Legal Aid Agency,legal-aid-agency
The Legal Ombudsman,the-legal-ombudsman
Legal Services Board,legal-services-board
Legal Services Commission,legal-services-commission
Local Government Ombudsman,local-government-ombudsman
London Thames Gateway Development Corporation,london-thames-gateway-development-corporation
London and Continental Railways Ltd,london-and-continental-railways-ltd
Low Pay Commission,low-pay-commission
Marine Accident Investigation Branch,marine-accident-investigation-branch
Marine Management Organisation,marine-management-organisation
Maritime and Coastguard Agency,maritime-and-coastguard-agency
Marshall Aid Commemoration Commission,marshall-aid-commemoration-commission
The McKay Commission,mckay-commission
Medical Research Council,medical-research-council
Medicines and Healthcare Products Regulatory Agency,medicines-and-healthcare-products-regulatory-agency
Met Office,met-office
Migration Advisory Committee,migration-advisory-committee
Ministry of Defence,ministry-of-defence
Ministry of Justice,ministry-of-justice
Monitor,monitor
NHS Blood and Transplant,nhs-blood-and-transplant
NHS Business Services Authority,nhs-business-services-authority
NHS England,nhs-commissioning-board
NHS Litigation Authority,nhs-litigation-authority
NHS Pay Review Body,nhs-pay-review-body
NHS Trust Development Authority,nhs-trust-development-authority
NS&I,ns-i
The National Archives,the-national-archives
National Army Museum,national-army-museum
National College for Teaching and Leadership,national-college-for-teaching-and-leadership
National Crime Agency,national-crime-agency
National DNA Database Ethics Group,national-dna-database-ethics-group
National Employer Advisory Board,national-employer-advisory-board
National Employment Savings Trust (NEST) Corporation,national-employment-savings-trust
National Forest Company,national-forest-company
National Fraud Authority,national-fraud-authority
National Gallery,national-gallery
National Heritage Memorial Fund,national-heritage-memorial-fund
National Institute for Health and Care Excellence,national-institute-for-clinical-excellence
National Lottery Commission,national-lottery-commission
National Measurement Office,national-measurement-office
National Museum of the Royal Navy,royal-naval-museum
National Museums Liverpool,national-museums-liverpool
National Offender Management Service,national-offender-management-service
National Portrait Gallery,national-portrait-gallery
National security and intelligence,national-security
Natural England,natural-england
Natural Environment Research Council,natural-environment-research-council
Natural History Museum,natural-history-museum
New Forest National Park Authority,new-forest-national-park-authority
North York Moors National Park Authority,north-york-moors-national-park
Northern Ireland Human Rights Commission,northern-ireland-human-rights-commission
Northern Ireland Office,northern-ireland-office
Northern Lighthouse Board,northern-lighthouse-board
Northumberland National Park Authority,northumberland-national-park-authority
Nuclear Decommissioning Authority,nuclear-decommissioning-authority
Nuclear Liabilities Financing Assurance Board,nuclear-liabilities-financing-assurance-board
Nuclear Research Advisory Council,nuclear-research-advisory-council
Ofcom,ofcom
Office for Budget Responsibility,office-for-budget-responsibility
Office for Fair Access,office-for-fair-access
Office for Life Sciences,office-for-life-sciences
Office for Low Emission Vehicles,office-for-low-emission-vehicles
Office for National Statistics,office-for-national-statistics
Office of Fair Trading,office-of-fair-trading
Office of Manpower Economics,office-of-manpower-economics
Office of Rail Regulation,office-of-rail-regulation
Office of Surveillance Commissioners,office-of-surveillance-commissioners
Office of Tax Simplification,office-of-tax-simplification
Office of the Advocate General for Scotland,office-of-the-advocate-general-for-scotland
Office of the Children's Commissioner,office-of-the-children-s-commissioner
Office of the Immigration Services Commissioner,office-of-the-immigration-services-commissioner
Office of the Leader of the House of Commons,the-office-of-the-leader-of-the-house-of-commons
Office of the Leader of the House of Lords,office-of-the-leader-of-the-house-of-lords
Office of the Parliamentary Counsel,office-of-the-parliamentary-counsel
Office of the Public Guardian,office-of-the-public-guardian
Office of the Regulator of Community Interest Companies,office-of-the-regulator-of-community-interest-companies
The Office of the Schools Commissioner,the-office-of-the-schools-commissioner
Official Solicitor and Public Trustee,official-solicitor-and-public-trustee
Ofgem,ofgem
Ofqual,office-of-qualifications-and-examinations-regulation
Ofsted,ofsted
Oil and Pipelines Agency,oil-and-pipelines-agency
Olympic Delivery Authority,olympic-delivery-authority
Olympic Lottery Distributor,olympic-lottery-distributor
Ordnance Survey,ordnance-survey
Parades Commission for Northern Ireland,parades-commission-for-northern-ireland
The Parliamentary and Health Service Ombudsman ,the-parliamentary-and-health-service-ombudsman
The Parole Board of England and Wales,parole-board
Passenger Focus,passenger-focus
Peak District National Park Authority,peak-district-national-park
Pension Protection Fund,pension-protection-fund
Pension Protection Fund Ombudsman,pension-protection-fund-ombudsman
The Pensions Advisory Service,the-pensions-advisory-service
Pensions Ombudsman,pensions-ombudsman
The Pensions Regulator,the-pensions-regulator
Planning Inspectorate,planning-inspectorate
Plant Varieties and Seeds Tribunal,plant-varieties-and-seeds-tribunal
Police Advisory Board for England and Wales,police-advisory-board-for-england-and-wales
Police Arbitration Tribunal,police-arbitration-tribunal
Police Discipline Appeals Tribunal,police-discipline-appeals-tribunal
Police Negotiating Board,police-negotiating-board
"Prime Minister's Office, 10 Downing Street",prime-ministers-office-10-downing-street
Prison Services Pay Review Body,prison-services-pay-review-body
Prisons and Probation Ombudsman,prisons-and-probation-ombudsman
Privy Council Office,privy-council-office
Probation Trusts,probation-trusts
Public Health England,public-health-england
Public Lending Right,public-lending-right
Queen Elizabeth II Conference Centre,queen-elizabeth-ii-conference-centre
Rail Accident Investigation Branch,rail-accidents-investigation-branch
Railway Heritage Committee,railway-heritage-committee
Regulatory Policy Committee,regulatory-policy-committee
Remploy Ltd,remploy-ltd
Review Board for Government Contracts,review-board-for-government-contracts
Review Body on Doctors' and Dentists' Remuneration,review-body-on-doctors-and-dentists-remuneration
Review Body on Senior Salaries ,review-body-on-senior-salaries
The Reviewing Committee on the Export of Works of Art and Objects of Cultural Interest,the-reviewing-committee-on-the-export-of-works-of-art-and-objects-of-cultural-interest
Royal Air Force Museum,royal-air-force-museum
Royal Armouries Museum,royal-armouries-museum
Royal Marines Museum,royal-marines-museum
Royal Mint,royal-mint
Royal Mint Advisory Committee,royal-mint-advisory-committee
Royal Museums Greenwich,royal-museums-greenwich
Royal Navy Submarine Museum,royal-navy-submarine-museum
Royal Parks,royal-parks
Rural Payments Agency,rural-payments-agency
S4C,s4c
School Teachers' Review Body,school-teachers-review-body
Science Advisory Committee on the Medical Implications of Less-Lethal Weapons,science-advisory-committee-on-the-medical-implications-of-less-lethal-weapons
Science Advisory Council,science-advisory-council
Science Museum Group,science-museum-group
Science and Technology Facilities Council,science-and-technology-facilities-council
Scotland Office,scotland-office
Sea Fish Industry Authority,sea-fish-industry-authority
Secret Intelligence Service,secret-intelligence-service
Security Industry Authority,security-industry-authority
The Security Service (MI5),the-security-service-mi5
Security Vetting Appeals Panel,security-vetting-appeals-panel
Sentencing Council for England and Wales,the-sentencing-council-for-england-and-wales
Serious Fraud Office,serious-fraud-office
Serious Organised Crime Agency,serious-organised-crime-agency
Service Children's Education,service-children-s-education
Service Complaints Commissioner,service-complaints-commissioner
Service Personnel and Veterans Agency,service-personnel-and-veterans-agency
Service Prosecuting Authority,service-prosecuting-authority
The Shareholder Executive,the-shareholder-executive
Sir John Soane's Museum,sir-john-soane-s-museum
Skills Funding Agency,skills-funding-agency
Social Mobility and Child Poverty Commission,social-mobility-and-child-poverty-commission
Social Security Advisory Committee,social-security-advisory-committee
South Downs National Park Authority,south-downs-national-park-authority
Sport England,sport-england
Sports Grounds Safety Authority,sports-grounds-safety-authority
Standards and Testing Agency,standards-and-testing-agency
Student Loans Company,student-loans-company
Supreme Court of the United Kingdom,supreme-court-of-the-united-kingdom
Surveillance Camera Commissioner,surveillance-camera-commissioner
Technical Advisory Board,technical-advisory-board
Technology Strategy Board,technology-strategy-board
The Theatres Trust,the-theatres-trust
Traffic Commissioners,traffic-commissioners
Treasure Valuation Committee,treasure-valuation-committee
Treasury Solicitor’s Department,treasury-solicitor-s-department
Tribunal Procedure Committee,tribunal-procedure-committee
Trinity House,trinity-house
Trust ports,trust-ports
UK Anti-Doping,uk-anti-doping
UK Atomic Energy Authority,uk-atomic-energy-authority
UK Border Agency,uk-border-agency
UK Commission for Employment and Skills,uk-commission-for-employment-and-skills
UK Debt Management Office,uk-debt-management-office
UK Export Finance,uk-export-finance
UK Financial Investments Limited,uk-financial-investments-limited
UK Green Investment Bank,uk-green-investment-bank
UK Hydrographic Office,uk-hydrographic-office
UK Space Agency,uk-space-agency
UK Sport,uk-sport
UK Statistics Authority,uk-statistics-authority
UK Trade & Investment,uk-trade-investment
UK Visas and Immigration,uk-visas-and-immigration
Valuation Office Agency,valuation-office-agency
Valuation Tribunal,valuation-tribunal-service-for-england-valuation-tribunal-service
Vehicle Certification Agency,vehicle-certification-agency
Vehicle and Operator Services Agency,vehicle-and-operator-services-agency
Veterans Advisory and Pensions Committees,veterans-advisory-and-pensions-committees-x13
Veterinary Medicines Directorate,veterinary-medicines-directorate
Veterinary Products Committee,veterinary-products-committee
Victims' Advisory Panel,victim-s-advisory-panel
Victims' Commissioner,victims-commissioner
Victoria and Albert Museum,victoria-and-albert-museum
VisitBritain,visitbritain
VisitEngland,visitengland
Wales Office,wales-office
Wallace Collection,wallace-collection
The Water Services Regulation Authority ,the-water-services-regulation-authority
West Northamptonshire Development Corporation,the-west-northamptonshire-development-corporation
Westminster Foundation for Democracy,westminster-foundation-for-democracy
Wilton Park,wilton-park
Yorkshire Dales National Park Authority,yorkshire-dales-national-park-authority
Youth Justice Board for England and Wales,youth-justice-board-for-england-and-wales
